Full Name (mandatory),Email (mandatory),Mobile Number (mandatory),Group (mandatory),Designation (mandatory),Gender,Category,Date Of Birth (dd-mm-yyyy),Mother Tongue,Employee ID,Office Pin Code,External System ID,External System Name,Tags
Sahil Kumar,test12345@yopmail.com,8715432102,Group A,ACCOUNTANT,Male,General,27-07-1996,Hindi,123D,,USER123,eHRMSn,Rozgar Mela;Finance
Testing User,anil005@yopmail.com,9045020137,Group A,ACCOUNTANT,Male,General,27-07-1996,Hindi,123E,,USER1233,eHRMSn,Rozgar Mela;Finance
TBT User 02,lv20@yopmail.com,6145540137,Group A,ACCOUNTANT,Male,General,27-07-1996,Hindi,123C,,USER1236,eHRMSn,Rozgar Mela;Finance
Sahil Test,sahilTest04@yopmail.com,1922222244,Group A,ACCOUNTANT,Male,General,27-07-1996,Hindi,123B,,USER1231,eHRMSn,Rozgar Mela;Finance
